Question Name,Question Link,Difficulty,Topics,Category,Companies,Time Complexity,Space Complexity,S. No.
Minimum Window Substring,https://leetcode.com/problems/minimum-window-substring/,Hard,"hash-table, string, sliding-window",algorithms,"Airbnb, Salesforce, Bytedance, Yahoo, Ebay, Vmware, Amazon, Microsoft, Oracle, Tencent, Adobe, Nutanix, Uber, Linkedin, Google, Deutsche-bank, Snapchat, Apple, Cohesity, Godaddy, Visa, Lyft, Goldman-sachs, Facebook, Twitter, Bloomberg",Not Available,Not Available,1
Valid Parentheses,https://leetcode.com/problems/valid-parentheses/,Easy,"string, stack",algorithms,"Twilio, Airbnb, Salesforce, Audible, Samsung, Expedia, Dataminr, Yahoo, Cisco, Servicenow, Arista Networks, Doordash, Tiktok, Goldman Sachs, Vmware, Ebay, Netflix, Amazon, Yandex, Microsoft, Booking.com, Postmates, Atlassian, Zillow, Oracle, Barclays, Adobe, Tencent, Uber, Liveramp, Morgan-stanley, Triplebyte, Spotify, Jpmorgan, Tesla, Zenefits, Mathworks, Tcs, Blizzard, Linkedin, Google, Riot-games, Citadel, Paypal, Epic-systems, Ibm, Sap, Intel, Splunk, Apple, Godaddy, Intuit, Visa, Goldman-sachs, Lyft, Facebook, Twitter, Akuna-capital, Bloomberg",Not Available,Not Available,2
Merge Two Sorted Lists,https://leetcode.com/problems/merge-two-sorted-lists/,Easy,"linked-list, recursion",algorithms,"Airbnb, Samsung, Bytedance, Yahoo, Cisco, Capital-one, Ebay, Vmware, Amazon, Yandex, Microsoft, Atlassian, Oracle, Tencent, Adobe, Alibaba, Uber, Shopee, Arista-networks, Google, Linkedin, Paypal, Huawei, Intel, Indeed, Apple, Visa, Accenture, Lyft, Facebook, Bloomberg",Not Available,Not Available,3
Maximum Subarray,https://leetcode.com/problems/maximum-subarray/,Medium,"array, divide-and-conquer, dynamic-programming",algorithms,"Salesforce, Samsung, Bytedance, Paytm, Expedia, Docusign, Yahoo, Cisco, Servicenow, Palantir-technologies, Capital-one, Goldman Sachs, Vmware, Ebay, Amazon, Two-sigma, Microsoft, Atlassian, Infosys, Zillow, Oracle, Qualcomm, Adobe, Alibaba, Uber, Shopee, Morgan-stanley, Jpmorgan, Linkedin, Google, Sap, Citadel, Paypal, Ibm, Intel, Asana, Apple, Visa, Wayfair, Goldman-sachs, Facebook, Walmart Global Tech, Nvidia, Bloomberg",Not Available,Not Available,4
Two Sum,https://leetcode.com/problems/two-sum/,Easy,"array, hash-table",algorithms,"Baidu, Airbnb, Netease, Cisco, Amazon, Aetion, Box, Mathworks, Zoom, Google, Cloudera, Intel, Indeed, Godaddy, Walmart Global Tech, Salesforce, Didi, Affirm, Vmware, Yandex, Microsoft, Adobe, Alibaba, Jpmorgan, Linkedin, Citadel, Emc, Groupon, Intuit, Twitter, Nvidia, Twilio, Valve, Expedia, Yahoo, Zoho, Bookingcom, Wish, Zillow, Morgan-stanley, Drawbridge, Paypal, Huawei, Dropbox, Radius, Zomato, Roblox, Accenture, Goldman-sachs, Lyft, Yelp, Splunk, Bloomberg, Samsung, Bytedance, Servicenow, Quora, Goldman Sachs, Blackrock, Ebay, Ge-digital, Oracle, Qualcomm, Tencent, Uber, Tableau, Spotify, Morgan Stanley, American Express, Sap, Ibm, Deutsche-bank, Snapchat, Dell, Apple, Visa, Works-applications, Facebook, Factset, Audible",Not Available,Not Available,5
Reverse Integer,https://leetcode.com/problems/reverse-integer/,Medium,math,algorithms,"Jpmorgan, Amazon, Apple, Microsoft, Samsung, Netease, Google, Visa, Yahoo, Oracle, Barclays, Adobe, Cisco, Lyft, Uber, Facebook, Bloomberg",Not Available,Not Available,6
Valid Anagram,https://leetcode.com/problems/valid-anagram/,Easy,"hash-table, string, sorting",algorithms,"Affirm, Expedia, Docusign, Yahoo, Cisco, Servicenow, Goldman Sachs, Amazon, Microsoft, Oracle, Morgan-stanley, Uber, Spotify, Zulily, Google, Paypal, Snapchat, Apple, Goldman-sachs, Yelp, Facebook, Bloomberg",Not Available,Not Available,7
Fizz Buzz,https://leetcode.com/problems/fizz-buzz/,Easy,"math, string, simulation",algorithms,"Spotify, Amazon, Apple, Microsoft, Salesforce, Google, Linkedin, Wayfair, Oracle, Cisco, Adobe, Capital-one, Facebook, Bloomberg",Not Available,Not Available,8
Intersection of Two Arrays,https://leetcode.com/problems/intersection-of-two-arrays/,Easy,"array, hash-table, two-pointers, binary-search, sorting",algorithms,"Jpmorgan, Indeed, Amazon, Apple, Microsoft, Bytedance, Two-sigma, Google, Linkedin, Lyft, Oracle, Adobe, Uber, Yelp, Facebook, Bloomberg",Not Available,Not Available,9
Palindrome Number,https://leetcode.com/problems/palindrome-number/,Easy,math,algorithms,"Jpmorgan, Amazon, Apple, Microsoft, Google, Accenture, Yahoo, Oracle, Adobe, Uber, Facebook, Bloomberg",Not Available,Not Available,10
Linked List Cycle,https://leetcode.com/problems/linked-list-cycle/,Easy,"hash-table, linked-list, two-pointers",algorithms,"Bny Mellon, Hsbc, Facebook, Velocity Software Pvt. Ltd., Cisco, Capgemini, Wheelseye Technology, Veritas, Amazon, Symphony Talent, Llc, Bharti Airtel, Urban Company, Shell India, Lybrate, Sap Labs, Phone Pe, Tcs, Google, Persistent Systems, Cloudera, Makemytrip, Freshworks, Providence Global Center Llp, Rivigo, Kpmg, Spinny, Cadence Design Systems, Bristlecone, Oodles Technologies Pvt Ltd, Rudder Analytics, Salesforce, Publicis Sapient, Protium, Hike, Birdeye, Accion Labs Private Limited, Vmware, 42gearmobilitysystems, Snapdeal, Microsoft, F5 Networks, Mindtickle, Nagarro, Quikr, Synopsys, Adobe, Osmosiss, Tata Cliq, Rapido, Winzo, Mahindra Comviva, Ion Trading, Valuefy Solutions, Linkedin, Antino Labs Pvt Ltd, Sterlite Technologies Limited, Swiggy, 99acres, Juniper Networks, Siemens, Strategic Ip Information Pte Ltd., Nippon Audiotronix Limited, Verifone, Dunzo, Athenahealth, Netapp India Pvt Ltd, Cleartrail Technologies, Paytm, Cognizant, Fico, Yahoo, Walmart, Slk Software, John Deere India Pvt. Ltd. (jdtci), Expedia Group, Hedonova, Infosys, Unthinkable Solutions, Nagaaro, Barclays, Mx Player, Magicbricks, Amdocs, Thoughts2binary Consulting And Solutions, Mobikwik, Paypal, Deutsche Bank, Mindzita (opc) Private Limited, Accenture, Goldman-sachs, Bloomberg, Maq Software, Samsung, Thales, Born Group, Ola, Happiest Minds Technologies Limited, Jio Platforms Limited, Epam Systems, Goldman Sachs, Blackrock, Ebay, Redbus, Green Apple, Ieo Makers Fablab (opc) Private Limited, Park+, Tekion Corp, Chaayos, Informatica, Oracle, Qualcomm, Indus Valley Partners, Pegasystems, Hashedin, De Shaw, Groww, Spotify, Rakuten, Morgan Stanley, Truminds Software Systems, Natwest Group, American Express, Adidas, Delhivery, Fourkites, Oyo, Veridic Private Limited, Nike, Grab, Coinbase, Apple, Accolite, Visa, Aricent Technologies Limited, Cred, Globant, Hexaview Technologies, Wells Fargo",Not Available,Not Available,11
Add Two Numbers,https://leetcode.com/problems/add-two-numbers/,Medium,"linked-list, math, recursion",algorithms,"Baidu, Airbnb, Salesforce, Bytedance, Docusign, Yahoo, Cisco, Servicenow, Capital-one, Ebay, Vmware, Zoho, Wish, Redfin, Amazon, Yandex, Microsoft, Oracle, Qualcomm, Aetion, Adobe, Alibaba, Uber, Flipkart, Jpmorgan, Mathworks, Google, Sap, Paypal, Ibm, Huawei, Intel, Grab, Dell, Capital One, Apple, Visa, Lyft, Facebook, Nvidia, Bloomberg",Not Available,Not Available,12
Longest Substring Without Repeating Characters,https://leetcode.com/problems/longest-substring-without-repeating-characters/,Medium,"hash-table, string, sliding-window",algorithms,"Baidu, Salesforce, Samsung, Bytedance, Expedia, Yahoo, Cisco, Goldman Sachs, Vmware, Ebay, Zoho, Amazon, Yandex, Microsoft, Atlassian, Zillow, Coupang, Oracle, Bloomberg, Adobe, Alibaba, Alation, Uber, Spotify, Jpmorgan, Google, Sap, Twitch, Paypal, Huawei, Snapchat, Apple, Intuit, Goldman-sachs, Yelp, Facebook, Walmart Global Tech",Not Available,Not Available,13
Serialize and Deserialize Binary Tree,https://leetcode.com/problems/serialize-and-deserialize-binary-tree/,Hard,"string, tree, depth-first-search, breadth-first-search, design, binary-tree",algorithms,"Salesforce, Expedia, Yahoo, Quora, Doordash, Tiktok, Ebay, Vmware, Amazon, Microsoft, Oracle, Qualtrics, Uber, Tableau, Linkedin, Google, Citadel, Groupon, Snapchat, Indeed, Apple, Facebook, Nvidia, Bloomberg",Not Available,Not Available,14
Word Search,https://leetcode.com/problems/word-search/,Medium,"array, string, backtracking, depth-first-search, matrix",algorithms,"Quantcast, Bytedance, Docusign, Yahoo, Vmware, Amazon, Microsoft, Zillow, Coupang, Oracle, Adobe, Uber, Cruise-automation, Jpmorgan, Google, Linkedin, Pinterest, Snapchat, Indeed, Apple, Karat, Intuit, Lyft, Facebook, Twitter, Bloomberg",Not Available,Not Available,15
Subarray Sum Equals K,https://leetcode.com/problems/subarray-sum-equals-k/,Medium,"array, hash-table, prefix-sum",algorithms,"Twilio, Expedia, Yahoo, Servicenow, Quora, Doordash, Tiktok, Ebay, Wish, Amazon, Yandex, Microsoft, Oracle, Adobe, Uber, Google, Linkedin, Snapchat, Bolt, Indeed, Apple, Visa, Goldman-sachs, Facebook, Nvidia, Bloomberg",Not Available,Not Available,16
Word Break II,https://leetcode.com/problems/word-break-ii/,Hard,"array, hash-table, string, dynamic-programming, backtracking, trie, memoization",algorithms,"Bookingcom, Amazon, Apple, Microsoft, Audible, Google, Zillow, Oracle, Adobe, Pinterest, Dropbox, Uber, Facebook, Snapchat, Twitter, Ebay, Bloomberg",Not Available,Not Available,17
Kth Largest Element in an Array,https://leetcode.com/problems/kth-largest-element-in-an-array/,Medium,"array, divide-and-conquer, sorting, heap-priority-queue, quickselect",algorithms,"Baidu, Abco, Airbnb, Salesforce, Samsung, Bytedance, Sysvin, Sprinklr, Expedia, Yahoo, Cisco, Silicon Labs, Jp Morgan, Hike, Tiktok, Goldman Sachs, Ebay, Vmware, Snapdeal, Amazon, Mckinsey & Company, Microsoft, Dealshare.in, Pocket-gems, Atlassian, Infosys, Oracle, Walmart Labs, Alibaba, Travclan, Adobe, Uber, Tencent, Spotify, Jpmorgan, Tcs, Times Internet, Linkedin, Google, Paypal, Oyo, Snapchat, Greencloud, Grab, Newgen Software, Apple, Accolite, Intuit, Accenture, Optum, Goldman-sachs, Hexaware Technologies, Pristyn Care, Facebook, Bloomberg",Not Available,Not Available,18
Implement Trie (Prefix Tree),https://leetcode.com/problems/implement-trie-prefix-tree/,Medium,"hash-table, string, design, trie",algorithms,"Amazon, Google, Twitter, Microsoft, Snapchat, Apple, Facebook, Oracle, Bytedance",Not Available,Not Available,19
The Skyline Problem,https://leetcode.com/problems/the-skyline-problem/,Hard,"array, divide-and-conquer, binary-indexed-tree, segment-tree, line-sweep, heap-priority-queue, ordered-set",algorithms,"Houzz, Amazon, Apple, Microsoft, Databricks, Salesforce, Google, Goldman-sachs, Adobe, Cruise Automation, Uber, Tableau, Facebook, Yelp, Twitter",Not Available,Not Available,20
Palindrome Pairs,https://leetcode.com/problems/palindrome-pairs/,Hard,"array, hash-table, string, trie",algorithms,"Airbnb, Amazon, Apple, Microsoft, Google, Square, Uber, Shopee, Facebook, Bloomberg",Not Available,Not Available,21
Alien Dictionary,https://leetcode.com/problems/alien-dictionary/,Hard,"array, string, depth-first-search, breadth-first-search, graph, topological-sort",algorithms,"Airbnb, Amazon, Apple, Microsoft, Cohesity, Pocket-gems, Google, Square, Pinterest, Uber, Flipkart, Facebook, Doordash, Snapchat, Twitter, Vmware, Bloomberg",Not Available,Not Available,22
LRU Cache,https://leetcode.com/problems/lru-cache/,Medium,"hash-table, linked-list, design, doubly-linked-list",algorithms,"Baidu, Sprinklr, Cisco, Tripadvisor, Amazon, Nutanix, Cruise-automation, Tcs, Google, Twitch, Cloudera, Policbazar, Godaddy, Walmart Global Tech, Publicis Sapient, Salesforce, Aliibaba, Palantir-technologies, Hike, Hbo, Vmware, Yandex, Microsoft, Arcesium, Adobe, Alibaba, Jpmorgan, Linkedin, Citadel, Groupon, Swiggy, Asana, Siemens, Intuit, Dunzo, Twitter, Nvidia, Twilio, Paytm, Cognizant, Expedia, Yahoo, De Shaw India, Zoho, Wish, Two-sigma, Expedia Group, Zillow, Morgan-stanley, Amdocs, Tesla, Zenefits, Paypal, Pinterest, Dropbox, Zomato, Roblox, Goldman-sachs, Lyft, Disney+ Hotstar, Rbs, Splunk, Bloomberg, Bytedance, Ola, Docusign, Doordash, Goldman Sachs, Tiktok, Ebay, Palantir, Zeta, Oracle, Qualcomm, Uber, Flipkart, Shopee, Spotify, Morgan Stanley, Sap, Oyo, Snapchat, Lenskart, Apple, Accolite, Visa, Optum, Facebook, Wells Fargo",Not Available,Not Available,23
Find the Duplicate Number,https://leetcode.com/problems/find-the-duplicate-number/,Medium,"array, two-pointers, binary-search, bit-manipulation",algorithms,"Bny Mellon, Housing.com, Salesforce, Paytm, Expedia, Ola, Yahoo, Cisco, Capgemini, Goldman Sachs, Vmware, Ebay, Zoho, De-shaw, Amazon, Unthinkable Solution, Microsoft, Oracle, Qualcomm, Tencent, Adobe, Pegasystems, Nutanix, Flipkart, Uber, Hashedin, Tcs, Virtusa, Google, Paypal, Apple, Intuit, Facebook, Splunk, Bloomberg",Not Available,Not Available,24
Longest Increasing Subsequence,https://leetcode.com/problems/longest-increasing-subsequence/,Medium,"array, binary-search, dynamic-programming",algorithms,"Cgi Inc., Hsbc, Byjus, Amazon, Fi Money, Chegg, Phone Pe, Tcs, Google, Quizizz Inc., Makemytrip, Rootstock Software, Spinny, Kickdrum, Codenation, Salesforce, Meesho, Larsen & Toubro Infotech, Bankbazaar, Birdeye, Vmware, Yandex, Microsoft, Kronos Incorporated, Quikr, Adobe, Mercer Mettl, Intuit, Pure Storage, Paytm, Cognizant, Mathway, Walmart, Citrix, Zoho, Booking.com, Expedia Group, Atlassian, Infosys, Barclays, Disney + Hotstar, Tusimple, Mphasis, Paypal, Huawei, Deutsche Bank, Capgemini India Pvt. Ltd., Filenet, Accenture, Udchalo, Bloomberg, Commvault, Bajaj Electricals Ltd, Samsung, Bytedance, Ola, Chewy, Goldman Sachs, Tiktok, Bonami Software Pvt. Ltd, Ebay, Tekion Corp, Oracle, Uber, Hashedin, Ust Global, Piramal Group, Nosh Technologies, Morgan Stanley, American Express, Ibm, Oyo, Sharechat, Grab, Lenskart, Apple, Visa, Hcl Technologies, Enkash, Facebook, Magicpin",Not Available,Not Available,25
Largest Rectangle in Histogram,https://leetcode.com/problems/largest-rectangle-in-histogram/,Hard,"array, stack, monotonic-stack",algorithms,"Amazon, Microsoft, Bytedance, Google, Adobe, Uber, Flipkart, Facebook, Doordash, Twitter, Bloomberg",Not Available,Not Available,26
Number of Islands,https://leetcode.com/problems/number-of-islands/,Medium,"array, depth-first-search, breadth-first-search, union-find, matrix",algorithms,"Salesforce, Samsung, Bytedance, Affirm, Audible, Expedia, Docusign, Yahoo, Cisco, Servicenow, Square, Appdynamics, Palantir-technologies, Doordash, Tiktok, Goldman Sachs, Vmware, Ebay, Blackrock, Citrix, Wish, Electronic-arts, Amazon, Yandex, Microsoft, Ozon, Atlassian, Oracle, Qualtrics, Walmart Labs, Adobe, Alibaba, Cruise Automation, Uber, Shopee, Liveramp, Nutanix, Tableau, Arista-networks, Spotify, Cruise-automation, Tesla, Houzz, Jpmorgan, Mathworks, Zenefits, Zulily, Google, Linkedin, Sap, Paypal, Twitch, Turing, Disney, Citadel, Hulu, Dropbox, Snapchat, Snowflake, Siemens, Apple, Roblox, Cohesity, Karat, Godaddy, Visa, Evernote, Goldman-sachs, Lyft, Facebook, Sumologic, Twitter, Splunk, Nvidia, Bloomberg",Not Available,Not Available,27
Binary Tree Maximum Path Sum,https://leetcode.com/problems/binary-tree-maximum-path-sum/,Hard,"dynamic-programming, tree, depth-first-search, binary-tree",algorithms,"Baidu, Twilio, Bytedance, Sprinklr, Appdynamics, Doordash, Tiktok, Vmware, Amazon, Microsoft, Oracle, Adobe, Uber, Tusimple, Google, Snapchat, Apple, Intuit, Facebook, Twitter, Bloomberg",Not Available,Not Available,28
Merge k Sorted Lists,https://leetcode.com/problems/merge-k-sorted-lists/,Hard,"linked-list, divide-and-conquer, heap-priority-queue, merge-sort",algorithms,"Airbnb, Audible, Salesforce, Bytedance, Sprinklr, Yahoo, Cisco, Tiktok, Vmware, Ebay, Ixl, Wish, Amazon, Yandex, Microsoft, Atlassian, Zillow, Oracle, Bloomberg, Adobe, Alibaba, Uber, Shopee, Tableau, Box, Cruise-automation, Tusimple, Mathworks, Google, Linkedin, Sap, Indeed, Apple, Cohesity, Goldman-sachs, Lyft, Facebook, Twitter, Nvidia, Walmart Global Tech",Not Available,Not Available,29
Text Justification,https://leetcode.com/problems/text-justification/,Hard,"array, string, simulation",algorithms,"Twilio, Leverage Edu, Airbnb, Wadhwani Ai, Walmart, Square, Ebay, Amazon, Microsoft, Nagarro, Quikr, Oracle, Reddit, Adobe, Uber, Flipkart, Coursera, Box, Robinhood, Google, Linkedin, Paypal, Pinterest, Snapchat, Indeed, Capital One, Apple, Karat, Intuit, Lyft, Facebook, Twitter, Nvidia",Not Available,Not Available,30
Shortest Path in Binary Matrix,https://leetcode.com/problems/shortest-path-in-binary-matrix/,Medium,"array, breadth-first-search, matrix",algorithms,"Publicis Sapient, Samsung, Cognizant, Sprinklr, Blackrock, Goldman Sachs, Vmware, Amazon, Microsoft, Inmobi, Oracle, Adobe, Uber, Myntra, Google, Makemytrip, Snapchat, Juspay, Intuit, Dunzo, Jp Morgan And Chase, Facebook",Not Available,Not Available,31
Median of Two Sorted Arrays,https://leetcode.com/problems/median-of-two-sorted-arrays/,Hard,"array, binary-search, divide-and-conquer",algorithms,"Airbnb, Samsung, Bytedance, Paytm, Didi, Coding Ninjas, Yahoo, Servicenow, Goldman Sachs, Vmware, Ebay, Byjus, Congnizant, Wish, Amazon, Yandex, Microsoft, Two-sigma, Alphasense Inc., Atlassian, Nagarro, Zillow, Oracle, Bloomberg, Adobe, Hyper Verge, Alibaba, Kempston, Hashedin, Tencent, Amdocs, Uber, Rubrik, Jpmorgan, Houzz, Zenefits, Zulily, Google, Linkedin, Paypal, Ibm, Garena, Huawei, Dropbox, Jp Morgan Chase, Grab, Meddo Health, Apple, Walmart Global Tech, Accolite, Godaddy, Intuit, Visa, Optum, Goldman-sachs, Lti - Larsen & Toubro Infotech, Tata, Facebook, Tokopedia, Wells Fargo",Not Available,Not Available,32
Regular Expression Matching,https://leetcode.com/problems/regular-expression-matching/,Hard,"string, dynamic-programming, recursion",algorithms,"Airbnb, Bytedance, Palantir-technologies, Ebay, Pocket-gems, Amazon, Microsoft, Oracle, Adobe, Alibaba, Uber, Flipkart, Coursera, Houzz, Databricks, Zulily, Google, Apple, Lyft, Facebook, Twitter, Nvidia, Bloomberg",Not Available,Not Available,33
Merge Intervals,https://leetcode.com/problems/merge-intervals/,Medium,"array, sorting",algorithms,"Salesforce, Bytedance, Dataminr, Yahoo, Cisco, Palantir-technologies, Servicenow, Doordash, Tiktok, Vmware, Ebay, Netflix, Wish, Amazon, Yandex, Microsoft, Postmates, Two-sigma, Atlassian, Coupang, Oracle, Bloomberg, Adobe, Alibaba, Tencent, Uber, Shopee, Cruise-automation, Morgan Stanley, Zulily, Google, Linkedin, Sap, Paypal, Twitch, Ibm, Pinterest, Snapchat, Apple, Cohesity, Godaddy, Intuit, Visa, Wayfair, Goldman-sachs, Yelp, Facebook, Sumologic, Twitter, Nvidia, Walmart Global Tech",Not Available,Not Available,34
Maximum Depth of Binary Tree,https://leetcode.com/problems/maximum-depth-of-binary-tree/,Easy,"tree, depth-first-search, breadth-first-search, binary-tree",algorithms,"Spotify, Amazon, Apple, Microsoft, Bytedance, Google, Linkedin, Sap, Paypal, Goldman-sachs, Yahoo, Adobe, Uber, Facebook, Bloomberg",Not Available,Not Available,35
Trapping Rain Water,https://leetcode.com/problems/trapping-rain-water/,Hard,"array, two-pointers, dynamic-programming, stack, monotonic-stack",algorithms,"Airbnb, Audible, Salesforce, Bytedance, Affirm, Dataminr, Yahoo, Palantir-technologies, Servicenow, Goldman Sachs, Ebay, Wish, Electronic-arts, Amazon, Yandex, Microsoft, Oracle, Qualtrics, Adobe, Uber, Flipkart, Tableau, Rubrik, Tesla, Zenefits, Databricks, Google, Paypal, Citadel, Huawei, National Instruments, Sapient, Intel, Snapchat, Grab, Apple, Intuit, Visa, Goldman-sachs, Lyft, Facebook, Twitter, Nvidia, Bloomberg",Not Available,Not Available,36
Container With Most Water,https://leetcode.com/problems/container-with-most-water/,Medium,"array, two-pointers, greedy",algorithms,"Amazon, Apple, Microsoft, Bytedance, Google, Swiggy, Goldman-sachs, Lyft, Oracle, Adobe, Yahoo, Uber, Facebook, Goldman Sachs, Vmware, Bloomberg",Not Available,Not Available,37
3Sum,https://leetcode.com/problems/3sum/,Medium,"array, two-pointers, sorting",algorithms,"Baidu, Salesforce, Samsung, Bytedance, Expedia, Yahoo, Cisco, Servicenow, Square, Quora, Doordash, Goldman Sachs, Tiktok, Vmware, Ebay, Citrix, Zoho, Amazon, Postmates, Microsoft, Yandex, Infosys, Oracle, Qualtrics, Tencent, Adobe, Alibaba, Uber, Coursera, Tesla, Morgan Stanley, Mathworks, Google, American Express, Citadel, Paypal, Ibm, Groupon, Splunk, Snapchat, Apple, Visa, Goldman-sachs, Works-applications, Facebook, Walmart Global Tech, Akuna-capital, Bloomberg",Not Available,Not Available,38
Validate Binary Search Tree,https://leetcode.com/problems/validate-binary-search-tree/,Medium,"tree, depth-first-search, binary-search-tree, binary-tree",algorithms,"Salesforce, Bytedance, Yahoo, Tripadvisor, Capital-one, Tiktok, Ebay, Vmware, Amazon, Yandex, Microsoft, Atlassian, Oracle, Qualtrics, Adobe, Uber, Mathworks, Google, Linkedin, Sap, Asana, Apple, Visa, Goldman-sachs, Facebook, Bloomberg",Not Available,Not Available,39
Valid Number,https://leetcode.com/problems/valid-number/,Hard,string,algorithms,"Amazon, Apple, Microsoft, Linkedin, Google, Adobe, Tripadvisor, Facebook",Not Available,Not Available,40
Serialize and Deserialize BST,https://leetcode.com/problems/serialize-and-deserialize-bst/,Medium,"string, tree, depth-first-search, breadth-first-search, design, binary-search-tree, binary-tree",algorithms,"Amazon, Yandex, Microsoft, Bytedance, Linkedin, Google, Zillow, Oracle, Qualtrics, Uber, Facebook, Ebay",Not Available,Not Available,41
Merge Strings Alternately,https://leetcode.com/problems/merge-strings-alternately/,Easy,"two-pointers, string",algorithms,Uber,Not Available,Not Available,42
Greatest Common Divisor of Strings,https://leetcode.com/problems/greatest-common-divisor-of-strings/,Easy,"math, string",algorithms,"Goldman Sachs, Atlassian, Capital-one",Not Available,Not Available,43
Kids With the Greatest Number of Candies,https://leetcode.com/problems/kids-with-the-greatest-number-of-candies/,Easy,array,algorithms,Amazon,Not Available,Not Available,44
Can Place Flowers,https://leetcode.com/problems/can-place-flowers/,Easy,"array, greedy",algorithms,"Amazon, Linkedin, Yahoo, Cisco, Facebook, Bloomberg",Not Available,Not Available,45
Reverse Vowels of a String,https://leetcode.com/problems/reverse-vowels-of-a-string/,Easy,"two-pointers, string",algorithms,"Amazon, Apple, Google, Facebook, Bloomberg",Not Available,Not Available,46
Reverse Words in a String,https://leetcode.com/problems/reverse-words-in-a-string/,Medium,"two-pointers, string",algorithms,"Salesforce, Cisco, Vmware, Amazon, Microsoft, Zillow, Oracle, Qualcomm, Google, Linkedin, Citadel, Huawei, Snapchat, Apple, Visa, Yelp, Facebook, Nvidia, Bloomberg",Not Available,Not Available,47
Product of Array Except Self,https://leetcode.com/problems/product-of-array-except-self/,Medium,"array, prefix-sum",algorithms,"Salesforce, Bytedance, Yahoo, Servicenow, Blackrock, Ebay, Vmware, Amazon, Microsoft, Oracle, Qualtrics, Adobe, Uber, Nutanix, Tableau, Google, Linkedin, Sap, Paypal, Groupon, Intel, Asana, Snapchat, Grab, Apple, Visa, Evernote, Goldman-sachs, Lyft, Facebook, Splunk, Bloomberg",Not Available,Not Available,48
Increasing Triplet Subsequence,https://leetcode.com/problems/increasing-triplet-subsequence/,Medium,"array, greedy",algorithms,"Amazon, Google, Yahoo, Uber, Facebook, Bloomberg",Not Available,Not Available,49
String Compression,https://leetcode.com/problems/string-compression/,Medium,"two-pointers, string",algorithms,"Expedia, Goldman Sachs, Ebay, Redfin, Amazon, Yandex, Microsoft, Zillow, Spotify, Google, Snapchat, Apple, Godaddy, Visa, Wayfair, Goldman-sachs, Lyft, Yelp, Facebook, Akuna-capital, Bloomberg",Not Available,Not Available,50
Move Zeroes,https://leetcode.com/problems/move-zeroes/,Easy,"array, two-pointers",algorithms,"Expedia, Yahoo, Tiktok, Ebay, Amazon, Yandex, Microsoft, Zillow, Oracle, Qualcomm, Adobe, Uber, Nutanix, Tesla, Tcs, Google, Sap, Paypal, Ibm, Dell, Apple, Cohesity, Goldman-sachs, Lyft, Facebook, Bloomberg",Not Available,Not Available,51
Is Subsequence,https://leetcode.com/problems/is-subsequence/,Easy,"two-pointers, string, dynamic-programming",algorithms,"Amazon, Yandex, Microsoft, Accolite, Paytm, Tesco, Google, Unthinkable Solutions, Adobe, Pinterest, Quadrical Ai, Coursera, Facebook, Rootstock Software, Josh Technologies, Bloomberg, Zoho",Not Available,Not Available,52
Max Number of K-Sum Pairs,https://leetcode.com/problems/max-number-of-k-sum-pairs/,Medium,"array, hash-table, two-pointers, sorting",algorithms,Amazon,Not Available,Not Available,53
Maximum Average Subarray I,https://leetcode.com/problems/maximum-average-subarray-i/,Easy,"array, sliding-window",algorithms,"Facebook, Google, Microsoft",Not Available,Not Available,54
Maximum Number of Vowels in a Substring of Given Length,https://leetcode.com/problems/maximum-number-of-vowels-in-a-substring-of-given-length/,Medium,"string, sliding-window",algorithms,Amazon,Not Available,Not Available,55
Max Consecutive Ones III,https://leetcode.com/problems/max-consecutive-ones-iii/,Medium,"array, binary-search, sliding-window, prefix-sum",algorithms,"Amazon, Apple, Microsoft, Bytedance, Yandex, Google, Facebook, Bloomberg",Not Available,Not Available,56
Longest Subarray of 1's After Deleting One Element,https://leetcode.com/problems/longest-subarray-of-1s-after-deleting-one-element/,Medium,"array, dynamic-programming, sliding-window",algorithms,Yandex,Not Available,Not Available,57
Find the Highest Altitude,https://leetcode.com/problems/find-the-highest-altitude/,Easy,"array, prefix-sum",algorithms,"Apple, Incedo Inc., De Shaw India, Cisco, Expedia",Not Available,Not Available,58
Find Pivot Index,https://leetcode.com/problems/find-pivot-index/,Easy,"array, prefix-sum",algorithms,"Tesla, Indeed, Amazon, Apple, Microsoft, Salesforce, Godaddy, Google, Expedia, Citadel, Coupang, Goldman-sachs, Cisco, Adobe, Facebook, Goldman Sachs, Radius, Bloomberg",Not Available,Not Available,59
Find the Difference of Two Arrays,https://leetcode.com/problems/find-the-difference-of-two-arrays/,Easy,"array, hash-table",algorithms,Google,Not Available,Not Available,60
Unique Number of Occurrences,https://leetcode.com/problems/unique-number-of-occurrences/,Easy,"array, hash-table",algorithms,"Amazon, Apple, Google, Adobe, Facebook, Bloomberg",Not Available,Not Available,61
Determine if Two Strings Are Close,https://leetcode.com/problems/determine-if-two-strings-are-close/,Medium,"hash-table, string, sorting, counting",algorithms,"Facebook, Google, Postmates",Not Available,Not Available,62
Equal Row and Column Pairs,https://leetcode.com/problems/equal-row-and-column-pairs/,Medium,"array, hash-table, matrix, simulation",algorithms,D.e. Shaw,Not Available,Not Available,63
Removing Stars From a String,https://leetcode.com/problems/removing-stars-from-a-string/,Medium,"string, stack, simulation",algorithms,Amazon,Not Available,Not Available,64
Asteroid Collision,https://leetcode.com/problems/asteroid-collision/,Medium,"array, stack, simulation",algorithms,"Bytedance, Doordash, Tiktok, Goldman Sachs, Ebay, De Shaw India, Amazon, Microsoft, Oracle, Chegg, Uber, Flipkart, Josh Technology Group, Quizizz Inc., Google, Paypal, Hotstar, Visa, Lyft, Dunzo, Cerner Corporation, Facebook",Not Available,Not Available,65
Decode String,https://leetcode.com/problems/decode-string/,Medium,"string, stack, recursion",algorithms,"Salesforce, Bytedance, Yahoo, Cisco, Appdynamics, Tiktok, Ebay, Vmware, Amazon, Microsoft, Atlassian, Coupang, Oracle, Bloomberg, Adobe, Alibaba, Cruise Automation, Uber, Tencent, Cruise-automation, Google, Hulu, Huawei, Snapchat, Apple, Intuit, Yelp, Facebook, Sumologic, Walmart Global Tech",Not Available,Not Available,66
Number of Recent Calls,https://leetcode.com/problems/number-of-recent-calls/,Easy,"design, queue, data-stream",algorithms,"Bloomberg, Google, Yandex",Not Available,Not Available,67
Dota2 Senate,https://leetcode.com/problems/dota2-senate/,Medium,"string, greedy, queue",algorithms,Valve,Not Available,Not Available,68
Delete the Middle Node of a Linked List,https://leetcode.com/problems/delete-the-middle-node-of-a-linked-list/,Medium,"linked-list, two-pointers",algorithms,"Adobe, Amazon",Not Available,Not Available,69
Odd Even Linked List,https://leetcode.com/problems/odd-even-linked-list/,Medium,linked-list,algorithms,"Amazon, Microsoft, Google, Adobe, Capital-one, Facebook, Tiktok, Ebay, Bloomberg",Not Available,Not Available,70
Reverse Linked List,https://leetcode.com/problems/reverse-linked-list/,Easy,"linked-list, recursion",algorithms,"Bytedance, Docusign, Yahoo, Cisco, Tripadvisor, Ebay, Vmware, Citrix, Electronic-arts, Amazon, Yandex, Microsoft, Twitter, Oracle, Qualcomm, Tencent, Adobe, Alibaba, Uber, Spotify, Zenefits, Mathworks, Google, Paypal, Intel, Snapchat, Apple, Intuit, Visa, Goldman-sachs, Yelp, Facebook, Factset, Nvidia, Bloomberg",Not Available,Not Available,71
Maximum Twin Sum of a Linked List,https://leetcode.com/problems/maximum-twin-sum-of-a-linked-list/,Medium,"linked-list, two-pointers, stack",algorithms,Amazon,Not Available,Not Available,72
Leaf-Similar Trees,https://leetcode.com/problems/leaf-similar-trees/,Easy,"tree, depth-first-search, binary-tree",algorithms,"Amazon, Microsoft, Google, Atlassian, Facebook",Not Available,Not Available,73
Count Good Nodes in Binary Tree,https://leetcode.com/problems/count-good-nodes-in-binary-tree/,Medium,"tree, depth-first-search, breadth-first-search, binary-tree",algorithms,"Salesforce, Microsoft",Not Available,Not Available,74
Path Sum III,https://leetcode.com/problems/path-sum-iii/,Medium,"tree, depth-first-search, binary-tree",algorithms,"Amazon, Microsoft, Google, Zillow, Oracle, Quora, Uber, Facebook, Doordash, Tiktok, Bloomberg",Not Available,Not Available,75
Longest ZigZag Path in a Binary Tree,https://leetcode.com/problems/longest-zigzag-path-in-a-binary-tree/,Medium,"dynamic-programming, tree, depth-first-search, binary-tree",algorithms,Amazon,Not Available,Not Available,76
Lowest Common Ancestor of a Binary Tree,https://leetcode.com/problems/lowest-common-ancestor-of-a-binary-tree/,Medium,"tree, depth-first-search, binary-tree",algorithms,"Airbnb, Salesforce, Bytedance, Yahoo, Ebay, Amazon, Microsoft, Atlassian, Zillow, Oracle, Adobe, Uber, Flipkart, Linkedin, Google, Paypal, Pinterest, Apple, Karat, Intuit, Visa, Facebook, Sumologic, Splunk, Bloomberg",Not Available,Not Available,77
Binary Tree Right Side View,https://leetcode.com/problems/binary-tree-right-side-view/,Medium,"tree, depth-first-search, breadth-first-search, binary-tree",algorithms,"Bytedance, Doordash, Ebay, Vmware, Amazon, Microsoft, Atlassian, Oracle, Qualtrics, Adobe, Uber, Mathworks, Google, Sap, Citadel, Paypal, Apple, Facebook, Nvidia, Bloomberg",Not Available,Not Available,78
Maximum Level Sum of a Binary Tree,https://leetcode.com/problems/maximum-level-sum-of-a-binary-tree/,Medium,"tree, depth-first-search, breadth-first-search, binary-tree",algorithms,"Maq Software, Snapdeal, Amazon, Hsbc, Microsoft, D.e. Shaw, Google, Paypal, Oracle, Oyo, Adobe, Facebook, Splunk",Not Available,Not Available,79
Search in a Binary Search Tree,https://leetcode.com/problems/search-in-a-binary-search-tree/,Easy,"tree, binary-search-tree, binary-tree",algorithms,"Amazon, Apple, Google, Ibm, Adobe",Not Available,Not Available,80
Delete Node in a BST,https://leetcode.com/problems/delete-node-in-a-bst/,Medium,"tree, binary-search-tree, binary-tree",algorithms,"Amazon, Apple, Microsoft, Google, Linkedin, Oracle, Cisco, Yahoo, Uber, Facebook, Bloomberg",Not Available,Not Available,81
Keys and Rooms,https://leetcode.com/problems/keys-and-rooms/,Medium,"depth-first-search, breadth-first-search, graph",algorithms,"Hotstar, Google, Amazon",Not Available,Not Available,82
Number of Provinces,https://leetcode.com/problems/number-of-provinces/,Medium,"depth-first-search, breadth-first-search, union-find, graph",algorithms,"Google, Uber, Intuit, Amazon, Samsung, Walmart, Navi",Not Available,Not Available,83
Reorder Routes to Make All Paths Lead to the City Zero,https://leetcode.com/problems/reorder-routes-to-make-all-paths-lead-to-the-city-zero/,Medium,"depth-first-search, breadth-first-search, graph",algorithms,"Grab, Amazon, Google, American Express, Drw",Not Available,Not Available,84
Evaluate Division,https://leetcode.com/problems/evaluate-division/,Medium,"array, string, depth-first-search, breadth-first-search, union-find, graph, shortest-path",algorithms,"Amazon, Microsoft, Google, Blackrock, Adobe, Uber, Facebook, Snapchat, Bloomberg, Tiktok",Not Available,Not Available,85
Nearest Exit from Entrance in Maze,https://leetcode.com/problems/nearest-exit-from-entrance-in-maze/,Medium,"array, breadth-first-search, matrix",algorithms,Amazon,Not Available,Not Available,86
Rotting Oranges,https://leetcode.com/problems/rotting-oranges/,Medium,"array, breadth-first-search, matrix",algorithms,"Amazon, Microsoft, Ebay, Linkedin, Adobe, Flipkart, Vmware",Not Available,Not Available,87
Smallest Number in Infinite Set,https://leetcode.com/problems/smallest-number-in-infinite-set/,Medium,"hash-table, design, heap-priority-queue, ordered-set",algorithms,"Google, Amazon, Apple",Not Available,Not Available,88
Maximum Subsequence Score,https://leetcode.com/problems/maximum-subsequence-score/,Medium,"array, greedy, sorting, heap-priority-queue",algorithms,"Uber, Amazon",Not Available,Not Available,89
Total Cost to Hire K Workers,https://leetcode.com/problems/total-cost-to-hire-k-workers/,Medium,"array, two-pointers, heap-priority-queue, simulation",algorithms,Mathworks,Not Available,Not Available,90
Guess Number Higher or Lower,https://leetcode.com/problems/guess-number-higher-or-lower/,Easy,"binary-search, interactive",algorithms,"Google, Adobe, Bloomberg, Apple",Not Available,Not Available,91
Successful Pairs of Spells and Potions,https://leetcode.com/problems/successful-pairs-of-spells-and-potions/,Medium,"array, two-pointers, binary-search, sorting",algorithms,Goldman Sachs,Not Available,Not Available,92
Find Peak Element,https://leetcode.com/problems/find-peak-element/,Medium,"array, binary-search",algorithms,"Amazon, Apple, Microsoft, Hrt, Roblox, Bytedance, Google, Lyft, Vmware, Yahoo, Quora, Uber, Facebook, Snapchat, Ixl, Bloomberg",Not Available,Not Available,93
Koko Eating Bananas,https://leetcode.com/problems/koko-eating-bananas/,Medium,"array, binary-search",algorithms,"Airbnb, Amazon, Microsoft, Google, Adobe, Facebook",Not Available,Not Available,94
Letter Combinations of a Phone Number,https://leetcode.com/problems/letter-combinations-of-a-phone-number/,Medium,"hash-table, string, backtracking",algorithms,"Blue Yonder, Twilio, Salesforce, Ola, Yahoo, Cisco, Servicenow, Square, Epam Systems, Goldman Sachs, Vmware, Ebay, Zepto, Amazon, Microsoft, Epic Systems, Atlassian, Nagarro, Vfislk Global Services, Oracle, Qualtrics, Walmart Labs, Uber, Flipkart, Morgan-stanley, Nutanix, Jpmorgan, Morgan Stanley, Bloomreach, Databricks, Google, Oyo, Dropbox, Swiggy, Quip, Capital One, Apple, Roblox, Hexaware Tech, Zoho Corporation, Goldman-sachs, Lyft, Dunzo, Spinny, Facebook, Airtel, Bloomberg",Not Available,Not Available,95
Combination Sum III,https://leetcode.com/problems/combination-sum-iii/,Medium,"array, backtracking",algorithms,"Google, Amazon, Bloomberg, Microsoft",Not Available,Not Available,96
N-th Tribonacci Number,https://leetcode.com/problems/n-th-tribonacci-number/,Easy,"math, dynamic-programming, memoization",algorithms,"Amazon, Apple, Adobe, Coursera, Facebook",Not Available,Not Available,97
Min Cost Climbing Stairs,https://leetcode.com/problems/min-cost-climbing-stairs/,Easy,"array, dynamic-programming",algorithms,"Amazon, Apple, Microsoft, Google, Yahoo, Adobe, Uber, Facebook, Goldman Sachs, Vmware, Bloomberg",Not Available,Not Available,98
House Robber,https://leetcode.com/problems/house-robber/,Medium,"array, dynamic-programming",algorithms,"Airbnb, Amazon, Apple, Microsoft, Bytedance, Google, Linkedin, Expedia, Goldman-sachs, Cisco, Adobe, Quora, Uber, Facebook, Hbo, Walmart Global Tech, Ebay, Bloomberg",Not Available,Not Available,99
Domino and Tromino Tiling,https://leetcode.com/problems/domino-and-tromino-tiling/,Medium,dynamic-programming,algorithms,"Google, Adobe, Amazon",Not Available,Not Available,100
Unique Paths,https://leetcode.com/problems/unique-paths/,Medium,"math, dynamic-programming, combinatorics",algorithms,"Bny Mellon, Rudder Analytics, Twilio, Salesforce, Paytm, Bytedance, Money View, Ola, Cisco, Walmart, Directi, Goldman Sachs, Wheelseye Technology, Vmware, Zoho, Byjus, Amazon, Microsoft, Atlassian, Cashfree Payments, Oracle, Qualtrics, Coindcx, Adobe, Alibaba, Jio Platform Limited, Uber, Sap Labs, Dtcc, Mathworks, Impetus, Physicswallah Company, Google, Linkedin, Cashkaro.com, Ss Supply Chain Solutions Pvt Ltd, Snapchat, Thought Works, Zomato, Accoloite, Apple, Goldman-sachs, Facebook, Bloomberg",Not Available,Not Available,101
Longest Common Subsequence,https://leetcode.com/problems/longest-common-subsequence/,Medium,"string, dynamic-programming",algorithms,"Indeed, Amazon, Microsoft, Bytedance, Karat, Google, Tencent, Facebook, Doordash, Bloomberg",Not Available,Not Available,102
Best Time to Buy and Sell Stock with Transaction Fee,https://leetcode.com/problems/best-time-to-buy-and-sell-stock-with-transaction-fee/,Medium,"array, dynamic-programming, greedy",algorithms,"Amazon, Apple, Google, Ibm, Adobe, Facebook, Bloomberg",Not Available,Not Available,103
Edit Distance,https://leetcode.com/problems/edit-distance/,Medium,"string, dynamic-programming",algorithms,"Baidu, Bytedance, Yahoo, Square, Vmware, Amazon, Microsoft, Qualcomm, Adobe, Uber, Rubrik, Google, Linkedin, Paypal, Apple, Intuit, Goldman-sachs, Facebook, Bloomberg",Not Available,Not Available,104
Counting Bits,https://leetcode.com/problems/counting-bits/,Easy,"dynamic-programming, bit-manipulation",algorithms,"Texas Instruments, Hsbc, Samsung, Ola, Cisco, Clarivate, Cogoport, Congnizant, Brocade, Snapdeal, Amazon, Microsoft, Infosys, Qualcomm, Adobe, Novartis, Hp Enterprise, Uber, Hashedin, Mediatek, Dtcc, Net App India, Mathworks, Google, One Convergence, Veridic Private Limited, Jpmorgan And Chase, Juniper Networks, Mtx, Apple, Cadence Design, Micron Technology, Mindinventory, Peoplestrong, Facebook, Bloomberg, Wipro",Not Available,Not Available,105
Single Number,https://leetcode.com/problems/single-number/,Easy,"array, bit-manipulation",algorithms,"Airbnb, Amazon, Apple, Microsoft, Google, Atlassian, Oracle, Palantir-technologies, Tencent, Adobe, Uber, Facebook, Bloomberg",Not Available,Not Available,106
Minimum Flips to Make a OR b Equal to c,https://leetcode.com/problems/minimum-flips-to-make-a-or-b-equal-to-c/,Medium,bit-manipulation,algorithms,"Microsoft, Naukri.com, Infosys, Walmart, De Shaw And Co, Flipkart",Not Available,Not Available,107
Search Suggestions System,https://leetcode.com/problems/search-suggestions-system/,Medium,"array, string, binary-search, trie, sorting, heap-priority-queue",algorithms,"Amazon, Apple, Google, Oracle, Adobe, Facebook",Not Available,Not Available,108
Non-overlapping Intervals,https://leetcode.com/problems/non-overlapping-intervals/,Medium,"array, dynamic-programming, greedy, sorting",algorithms,"Amazon, Apple, Samsung, Expedia Group, Microsoft, Google, Oracle, Ncr Corporation, Facebook, Bloomberg",Not Available,Not Available,109
Minimum Number of Arrows to Burst Balloons,https://leetcode.com/problems/minimum-number-of-arrows-to-burst-balloons/,Medium,"array, greedy, sorting",algorithms,"Amazon, Microsoft, Google, Quora, Facebook, Goldman Sachs",Not Available,Not Available,110
Daily Temperatures,https://leetcode.com/problems/daily-temperatures/,Medium,"array, stack, monotonic-stack",algorithms,"Amazon, Salesforce, Microsoft, Apple, Hotstar, Google, Linkedin, Expedia, Zillow, C3 Iot, Cisco, Goldman-sachs, Adobe, Uber, Nutanix, Facebook, Nvidia, Bloomberg",Not Available,Not Available,111
Online Stock Span,https://leetcode.com/problems/online-stock-span/,Medium,"stack, design, monotonic-stack, data-stream",algorithms,"Amazon, Microsoft, Google, Adobe, Bloomberg",Not Available,Not Available,112
Linked List Cycle II,https://leetcode.com/problems/linked-list-cycle-ii/,Medium,"hash-table, linked-list, two-pointers",algorithms,"Amazon, Apple, Microsoft, Google, Linkedin, Adobe, Ebay",Not Available,Not Available,113
Remove Duplicates from Sorted List,https://leetcode.com/problems/remove-duplicates-from-sorted-list/,Easy,linked-list,algorithms,"Amazon, Apple, Microsoft, Bytedance, Salesforce, Google, Adobe, Facebook, Ebay, Bloomberg",Not Available,Not Available,114
Remove Duplicates from Sorted List II,https://leetcode.com/problems/remove-duplicates-from-sorted-list-ii/,Medium,"linked-list, two-pointers",algorithms,"Amazon, Apple, Microsoft, Salesforce, Google, Paypal, Adobe, Facebook, Bloomberg",Not Available,Not Available,115
Kth Largest Element in a Stream,https://leetcode.com/problems/kth-largest-element-in-a-stream/,Easy,"tree, design, binary-search-tree, heap-priority-queue, binary-tree, data-stream",algorithms,"Amazon, Apple, Microsoft, Google, Linkedin, Adobe, Nutanix, Facebook, Ebay, Bloomberg",Not Available,Not Available,116
Top K Frequent Elements,https://leetcode.com/problems/top-k-frequent-elements/,Medium,"array, hash-table, divide-and-conquer, sorting, heap-priority-queue, bucket-sort, counting, quickselect",algorithms,"Bytedance, Yahoo, Cisco, Vmware, Ebay, Pocket-gems, Amazon, Microsoft, Oracle, Adobe, Uber, Spotify, Google, Linkedin, Hulu, Snapchat, Apple, Goldman-sachs, Yelp, Facebook, Bloomberg",Not Available,Not Available,117
Find K Pairs with Smallest Sums,https://leetcode.com/problems/find-k-pairs-with-smallest-sums/,Medium,"array, heap-priority-queue",algorithms,"Amazon, Apple, Microsoft, Hotstar, Linkedin, Google, Uber, Facebook, Walmart Global Tech",Not Available,Not Available,118
Group Anagrams,https://leetcode.com/problems/group-anagrams/,Medium,"array, hash-table, string, sorting",algorithms,"Twilio, Salesforce, Affirm, Docusign, Yahoo, Cisco, Servicenow, Blackrock, Goldman Sachs, Ebay, Vmware, Tiktok, Bookingcom, Electronic-arts, Amazon, Wish, Microsoft, Yandex, Oracle, Qualtrics, Bloomberg, Adobe, Alation, Uber, Nutanix, Jpmorgan, Tesla, Mathworks, Zulily, Google, Hulu, Ibm, Snapchat, Apple, Intuit, Visa, Goldman-sachs, Yelp, Facebook, Walmart Global Tech",Not Available,Not Available,119
Unique Email Addresses,https://leetcode.com/problems/unique-email-addresses/,Easy,"array, hash-table, string",algorithms,"Amazon, Microsoft, Google, Intuit, Adobe",Not Available,Not Available,120
First Unique Character in a String,https://leetcode.com/problems/first-unique-character-in-a-string/,Easy,"hash-table, string, queue, counting",algorithms,"Jpmorgan, Amazon, Apple, Microsoft, Zulily, Google, Linkedin, Zillow, Oracle, Yahoo, Qualtrics, Adobe, Goldman-sachs, Huawei, Servicenow, Facebook, Goldman Sachs, Bloomberg",Not Available,Not Available,121
Max Area of Island,https://leetcode.com/problems/max-area-of-island/,Medium,"array, depth-first-search, breadth-first-search, union-find, matrix",algorithms,"Bytedance, Affirm, Palantir-technologies, Doordash, Wish, Amazon, Microsoft, Zillow, Oracle, Qualtrics, Adobe, Uber, Cruise-automation, Mathworks, Google, Linkedin, Twitch, Dropbox, Apple, Intuit, Facebook, Bloomberg",Not Available,Not Available,122
Number of Connected Components in an Undirected Graph,https://leetcode.com/problems/number-of-connected-components-in-an-undirected-graph/,Medium,"depth-first-search, breadth-first-search, union-find, graph",algorithms,"Amazon, Microsoft, Google, Linkedin, Pinterest, Facebook, Twitter",Not Available,Not Available,123
Word Ladder,https://leetcode.com/problems/word-ladder/,Hard,"hash-table, string, breadth-first-search",algorithms,"Salesforce, Samsung, Audible, Affirm, Expedia, Servicenow, Square, Vmware, Amazon, Microsoft, Zillow, Oracle, Qualtrics, Adobe, Uber, Spotify, Tesla, Linkedin, Google, Pinterest, Snapchat, Apple, Cohesity, Lyft, Yelp, Facebook, Bloomberg",Not Available,Not Available,124
Minimum Depth of Binary Tree,https://leetcode.com/problems/minimum-depth-of-binary-tree/,Easy,"tree, depth-first-search, breadth-first-search, binary-tree",algorithms,"Slice, Veridic Solutions, Amazon, Acko, Clearsummit, Phonepe, Paytm, Apple, F5 Networks, Microsoft, Policybazar.com, Makemytrip, Facebook, Amdocs, Goldman Sachs, Jp Morgan Chase, Triology Innovations, Bloomberg",Not Available,Not Available,125
Merge Two Binary Trees,https://leetcode.com/problems/merge-two-binary-trees/,Easy,"tree, depth-first-search, breadth-first-search, binary-tree",algorithms,"Amazon, Apple, Yahoo, Oracle, Huawei, Adobe, Uber, Facebook, Bloomberg",Not Available,Not Available,126
Convert Sorted Array to Binary Search Tree,https://leetcode.com/problems/convert-sorted-array-to-binary-search-tree/,Easy,"array, divide-and-conquer, tree, binary-search-tree, binary-tree",algorithms,"Airbnb, Amazon, Apple, Microsoft, Google, Oracle, Cisco, Yahoo, Facebook, Bloomberg",Not Available,Not Available,127
Path Sum,https://leetcode.com/problems/path-sum/,Easy,"tree, depth-first-search, breadth-first-search, binary-tree",algorithms,"Amazon, Apple, Microsoft, Zillow, Oracle, Bloomberg, Adobe, Facebook, Walmart Global Tech",Not Available,Not Available,128
Binary Tree Level Order Traversal,https://leetcode.com/problems/binary-tree-level-order-traversal/,Medium,"tree, breadth-first-search, binary-tree",algorithms,"Expedia, Yahoo, Cisco, Servicenow, Vmware, Ebay, Amazon, Microsoft, Atlassian, Oracle, Adobe, Uber, Mathworks, Linkedin, Google, Sap, Citadel, Apple, Facebook, Bloomberg",Not Available,Not Available,129
Binary Tree Zigzag Level Order Traversal,https://leetcode.com/problems/binary-tree-zigzag-level-order-traversal/,Medium,"tree, breadth-first-search, binary-tree",algorithms,"Amazon, Apple, Microsoft, Bytedance, Samsung, Google, Linkedin, Oracle, Qualtrics, Servicenow, Adobe, Yahoo, Facebook, Ebay, Bloomberg",Not Available,Not Available,130
Construct Binary Tree from Preorder and Inorder Traversal,https://leetcode.com/problems/construct-binary-tree-from-preorder-and-inorder-traversal/,Medium,"array, hash-table, divide-and-conquer, tree, binary-tree",algorithms,"Amazon, Apple, Microsoft, Bytedance, Google, Citadel, Oracle, Yahoo, Adobe, Square, Uber, Facebook, Twitter, Bloomberg",Not Available,Not Available,131
Paint Fence,https://leetcode.com/problems/paint-fence/,Medium,dynamic-programming,algorithms,"Jpmorgan, Google",Not Available,Not Available,132
Unique Paths II,https://leetcode.com/problems/unique-paths-ii/,Medium,"array, dynamic-programming, matrix",algorithms,"Paytm, Expedia, Cisco, Kreeti Technologies, Vmware, De Shaw India, Amazon, Microsoft, Atlassian, Oracle, Qualtrics, Cruise Automation, C2fo, Cruise-automation, Mathworks, Google, Snapchat, Zomato, Quinstreet Software, Juspay, Apple, Godaddy, Goldman-sachs, Athenahealth, Facebook, Bloomberg",Not Available,Not Available,133
House Robber II,https://leetcode.com/problems/house-robber-ii/,Medium,"array, dynamic-programming",algorithms,"Google, Ebay, Amazon, Microsoft",Not Available,Not Available,134
Best Time to Buy and Sell Stock,https://leetcode.com/problems/best-time-to-buy-and-sell-stock/,Easy,"array, dynamic-programming",algorithms,"Salesforce, Audible, Bytedance, Expedia, Docusign, Yahoo, Cisco, Servicenow, Doordash, Goldman Sachs, Tiktok, Ebay, Vmware, Blackrock, Zoho, Netflix, Redfin, Amazon, Microsoft, Atlassian, Zillow, Oracle, Bloomberg, Adobe, Alibaba, Alation, Uber, Morgan-stanley, Tableau, Tencent, Jpmorgan, Zoom, Tcs, Google, Linkedin, Sap, Paypal, Citadel, Deutsche-bank, Groupon, Intel, Snapchat, Grab, Capital One, Apple, Visa, Goldman-sachs, Lyft, Facebook, Akuna-capital, Walmart Global Tech",Not Available,Not Available,135
Best Time to Buy and Sell Stock II,https://leetcode.com/problems/best-time-to-buy-and-sell-stock-ii/,Medium,"array, dynamic-programming, greedy",algorithms,"Amazon, Apple, Microsoft, Bytedance, Google, Citadel, Oracle, Goldman-sachs, Yahoo, Adobe, Uber, Facebook, Walmart Global Tech, Bloomberg",Not Available,Not Available,136
Word Break,https://leetcode.com/problems/word-break/,Medium,"array, hash-table, string, dynamic-programming, trie, memoization",algorithms,"Maq Software, Twilio, Salesforce, Audible, Bytedance, Carefit, Yahoo, Square, Walmart, Tripadvisor, Hike, Hbo, Vmware, Ebay, Zoho, Pocket-gems, Amazon, Microsoft, Expedia Group, Park+, Zillow, Infosys, Nagarro, Oracle, Qualtrics, Coupang, Adobe, Uber, Flipkart, Capgemini India, Dtcc, Mahindra Comviva, Morgan Stanley, Google, American Express, Hulu, Ibm, Sharechat, Pinterest, Makemytrip, Snapchat, Olx Group, Netmeds, Apple, Godaddy, Intuit, Accenture, Caastle, Dunzo, Yelp, Facebook, Twitter, Bloomberg",Not Available,Not Available,137
Coin Change,https://leetcode.com/problems/coin-change/,Medium,"array, dynamic-programming, breadth-first-search",algorithms,"Airbnb, Bytedance, Affirm, Yahoo, Capital-one, Blackrock, Goldman Sachs, Ebay, Vmware, Amazon, Zappos, Microsoft, Oracle, Adobe, Uber, Jpmorgan, Mathworks, Google, Linkedin, Sap, Paypal, Apple, Visa, Goldman-sachs, Facebook, Bloomberg",Not Available,Not Available,138
Search Insert Position,https://leetcode.com/problems/search-insert-position/,Easy,"array, binary-search",algorithms,"Amazon, Apple, Microsoft, Google, Sap, Adobe, Uber, Facebook, Tiktok, Vmware, Bloomberg",Not Available,Not Available,139
Find Minimum in Rotated Sorted Array,https://leetcode.com/problems/find-minimum-in-rotated-sorted-array/,Medium,"array, binary-search",algorithms,"Wish, Amazon, Apple, Microsoft, Salesforce, Google, Oracle, Goldman-sachs, Vmware, Adobe, Uber, Facebook, Goldman Sachs, Ebay, Bloomberg",Not Available,Not Available,140
Search in Rotated Sorted Array,https://leetcode.com/problems/search-in-rotated-sorted-array/,Medium,"array, binary-search",algorithms,"Maersk, Baidu, Netease, Cisco, Tripadvisor, Capgemini, Eaton, Amazon, Nutanix, Sap Labs, Mindtree, Navi Technologies, Innovacer, Tcs, Twitch, Google, Traveloka, Makemytrip, Freshworks, Spinny, Rippling, Walmart Global Tech, Salesforce, Phonepe, Bankbazaar, Hike, Vmware, Ixl, Snapdeal, Interics Tech, Yandex, Microsoft, Nagarro, Travclan, Arcesium, Adobe, Alibaba, Practo, Jpmorgan, Ion Trading, Linkedin, Vimana Aerotech, Prystin Care, Freecharge, Ncr Corporation, Groupon, Siemens, Intuit, Airtel, Nvidia, Paytm, Cognizant, Qualys, Expedia, Yahoo, Sigmoid, Zillow, Tesla, Zulily, Times Internet, Paypal, Zs Associates, Citicorp, Accenture, Goldman-sachs, Disney+ Hotstar, Splunk, Bloomberg, Kempston Global, Samsung, Bytedance, Servicenow, Tiktok, Goldman Sachs, Ebay, Redbus, Proteum, Park+, Inmobi, Informatica, Oracle, Qualcomm, Tencent, Uber, Flipkart, Hashedin, De Shaw, Curefit, Eagleview India, Morgan Stanley, American Express, Delhivery, Oyo, Sharechat, Veridic Private Limited, Snapchat, Grab, Apple, Visa, Optum, Facebook, Factset",Not Available,Not Available,141
Capacity To Ship Packages Within D Days,https://leetcode.com/problems/capacity-to-ship-packages-within-d-days/,Medium,"array, binary-search",algorithms,"Amazon, Salesforce, Apple, Microsoft, Curefit, Google, Expedia, Oracle, Adobe, Uber, Flipkart, Facebook, Doordash, Tiktok, Agoda, Bloomberg, Goldman Sachs",Not Available,Not Available,142
"Pow(x, n)",https://leetcode.com/problems/powx-n/,Medium,"math, recursion",algorithms,"Asana, Ebay, Goldman Sachs, Oracle, Paypal, Uber, Vmware, Walmart Labs, Hsbc, Freshworks, Quikr, Facebook, Paytm, Cgi Inc., Dell India, Zycus, Cadance Design System, Careem, Amazon, Bloomberg, Linkedin, Google, Microsoft, Apple, Adobe, Yahoo, Tiktok, Jpmorgan And Chase, Tcs, Wix",Not Available,Not Available,143
K-th Symbol in Grammar,https://leetcode.com/problems/k-th-symbol-in-grammar/,Medium,"math, bit-manipulation, recursion",algorithms,"Amazon, Google, Adobe, Facebook, Bloomberg",Not Available,Not Available,144
Split BST,https://leetcode.com/problems/split-bst/,Medium,"tree, binary-search-tree, recursion, binary-tree",algorithms,"Facebook, Google, Amazon, Coupang",Not Available,Not Available,145
Minimum Size Subarray Sum,https://leetcode.com/problems/minimum-size-subarray-sum/,Medium,"array, binary-search, sliding-window, prefix-sum",algorithms,"Amazon, Apple, Microsoft, Bytedance, Google, Sap, Goldman-sachs, Oracle, Arcesium, Facebook, Goldman Sachs, Bloomberg",Not Available,Not Available,146
Permutations,https://leetcode.com/problems/permutations/,Medium,"array, backtracking",algorithms,"Netease, Salesforce, Publicis Sapient, Bytedance, Paytm, Cognizant, Yahoo, Cisco, Birdeye, Goldman Sachs, Vmware, Ebay, Hyundai Mobis, Indiamart, Amazon, Microsoft, Atlassian, Infosys, Oracle, Walmart Labs, Barclays, Adobe, Uber, Flipkart, Dtcc, Tcs, Linkedin, Sap, Google, Paypal, Garena, Oyo, Thought Works, Apple, Gray Orange, Accolite, Godaddy, Coalition Tech, Accenture, Cvent, Goldman-sachs, Dunzo, Facebook, Bloomberg",Not Available,Not Available,147
Subsets,https://leetcode.com/problems/subsets/,Medium,"array, backtracking, bit-manipulation",algorithms,"Amazon, Apple, Microsoft, Bytedance, Google, Atlassian, Reddit, Coupang, Goldman-sachs, Lyft, Yahoo, Adobe, Uber, Facebook, Twitter, Ebay, Bloomberg",Not Available,Not Available,148
Combination Sum,https://leetcode.com/problems/combination-sum/,Medium,"array, backtracking",algorithms,"Airbnb, Bytedance, Square, Quora, Ebay, Vmware, Amazon, Microsoft, Adobe, Uber, Jpmorgan, Linkedin, Google, Snapchat, Apple, Goldman-sachs, Yelp, Facebook, Akuna-capital, Bloomberg",Not Available,Not Available,149
Generate Parentheses,https://leetcode.com/problems/generate-parentheses/,Medium,"string, dynamic-programming, backtracking",algorithms,"Salesforce, Samsung, Bytedance, Yahoo, Cisco, Amazon, Yandex, Microsoft, Atlassian, Oracle, Bloomberg, Adobe, Alibaba, Uber, Nutanix, Spotify, Tesla, Zenefits, Google, Sap, C3 Iot, Snapchat, Apple, Lyft, Yelp, Facebook, Nvidia, Walmart Global Tech",Not Available,Not Available,150
Meeting Rooms,https://leetcode.com/problems/meeting-rooms/,Easy,"array, sorting",algorithms,"Amazon, Microsoft, Google, Facebook, Bloomberg",Not Available,Not Available,151
Meeting Rooms II,https://leetcode.com/problems/meeting-rooms-ii/,Medium,"array, two-pointers, greedy, sorting, heap-priority-queue, prefix-sum",algorithms,"Expedia, Cisco, Quora, Ebay, Citrix, Bookingcom, Amazon, Postmates, Microsoft, Atlassian, Oracle, Uber, Nutanix, Drawbridge, Google, Citadel, Paypal, Snapchat, Apple, Godaddy, Visa, Goldman-sachs, Lyft, Yelp, Facebook, Bloomberg",Not Available,Not Available,152
Next Permutation,https://leetcode.com/problems/next-permutation/,Medium,"array, two-pointers",algorithms,"Samsung, Bytedance, Yahoo, Quora, Doordash, Tiktok, Goldman Sachs, Ebay, Zoho, Amazon, Microsoft, Atlassian, Walmart Labs, Adobe, Uber, De Shaw, Rubrik, Jpmorgan, Houzz, Linkedin, Google, Jpmorgan And Chase, Grab, Apple, Facebook, Sumologic, Bloomberg",Not Available,Not Available,153
String to Integer (atoi),https://leetcode.com/problems/string-to-integer-atoi/,Medium,string,algorithms,"Cisco, Goldman Sachs, Ebay, Vmware, Redfin, Amazon, Microsoft, Zillow, Oracle, Tencent, Adobe, Uber, Google, Linkedin, Sap, Citadel, Apple, Goldman-sachs, Facebook, Nvidia, Bloomberg",Not Available,Not Available,154
Zigzag Conversion,https://leetcode.com/problems/zigzag-conversion/,Medium,string,algorithms,"Wish, Amazon, Apple, Microsoft, Google, Paypal, Adobe, Uber, Facebook, Bloomberg",Not Available,Not Available,155